{
  "version": 1,
  "author": "Anonymous maker",
  "editor": "wokwi",
  "parts": [
    {
      "type": "wokwi-pi-pico",
      "id": "pico",
      "top": 0,
      "left": 0,
      "attrs": { "env": "micropython-20231227-v1.22.0" }
    },
    {
      "type": "wokwi-led",
      "id": "led1",
      "top": -70.8,
      "left": -188.2,
      "attrs": { "color": "red" }
    },
    {
      "type": "wokwi-resistor",
      "id": "r1",
      "top": 42.35,
      "left": -153.6,
      "attrs": { "value": "10000" }
    },
    {
      "type": "wokwi-resistor",
      "id": "r2",
      "top": 90.35,
      "left": -134.4,
      "attrs": { "value": "100" }
    }
  ],
  "connections": [
    [ "led1:A", "r1:1", "green", [ "v0" ] ],
    [ "led1:C", "r2:1", "green", [ "v0" ] ],
    [ "r1:2", "pico:GP3", "green", [ "v0" ] ],
    [ "pico:GND.2", "r2:2", "black", [ "h0" ] ]
  ],
  "dependencies": {}
}